NAMA SKU,HARGA SKU,KETERSEDIAAN BARANG,URL,Products_URL
"
Pediasure Complete Vanila 400g
","Rp 139,000",In stock,https://rajasusu.com,"('', '', '')"
"
Pediasure Vanila 1800g (4x450 g)
","Rp 492,500",In stock,https://rajasusu.com,"('', '', '')"
"
Pediasure Complete Vanila 850 GR
","Rp 280,000",In stock,https://rajasusu.com,"('', '', '')"
"
Pediasure Vanila 200Gr
","Rp 69,500",In stock,https://rajasusu.com,"('', '', '')"
"
Pediasure Madu 850 Gr
","Rp 245,000",In stock,https://rajasusu.com,"('', '', '')"
"
Pediasure Madu 400 Gr
","Rp 131,000",In stock,https://rajasusu.com,"('', '', '')"
"
Pediasure Coklat 400 Gr
","Rp 131,000",In stock,https://rajasusu.com,"('', '', '')"
"
Pediasure Vanila 850 Gr
","Rp 245,000",In stock,https://rajasusu.com,"('', 'https://rajasusu.com/pediasure-vanila-850-gr', '')"
"
Pediasure Vanila 400 Gr
","Rp 131,000",In stock,https://rajasusu.com,"('', '', '')"
"
Pediasure Madu 200Gr
","Rp 69,500",In stock,https://rajasusu.com,"('https://rajasusu.com/pediasure-madu-200gr', '', '')"
